,distribution,total,sale_by_shelf
0,"[2, 110, 88, 19, 64, 38, 95, 164, 154, 131, 112, 63, 103, 12, 42, 102, 96, 7, 29, 80, 22, 140, 68, 33, 66, 80, 125, 153, 50, 83, 2, 18, 65, 40, 67, 77, 21, 3, 91, 27, 45, 84, 13, 115, 37, 75, 97, 45, 87, 122, 106, 18, 7, 152, 52, 60, 133, 58, 30, 25, 80, 117, 104, 147, 138, 141, 9, 24, 124, 36, 64, 163, 3, 111, 39, 15, 18, 9, 85, 129, 84, 94, 147, 4, 1, 5, 84, 81, 161, 59, 93, 1, 31, 159, 88, 165, 98, 107, 159, 33, 158, 38, 89, 118, 61, 67, 105, 15, 62, 40, 120, 2, 51, 135, 119, 85, 47, 146, 8, 34, 61, 35, 122, 122, 11, 25, 10, 23, 69, 6, 99, 9, 157, 156, 14, 26, 49, 44, 7, 32, 32, 56, 41, 87, 124, 121, 17, 155, 101, 149, 156, 132, 4, 46, 78, 83, 15, 137, 136, 151, 64, 16, 108, 133, 3, 123, 127, 2, 129, 100, 19, 37, 162, 8, 4, 92, 109, 150, 128, 48, 114, 160, 55, 80, 70, 57, 60, 35, 152, 3, 1, 155, 34, 19, 134, 81, 5, 126, 161, 36, 74, 145, 2, 79, 53, 148, 44, 73, 33, 88, 28, 3, 1, 130, 90, 4, 62, 80, 71, 43, 24, 69, 142, 65, 76, 160, 20, 18, 82, 4, 5, 1, 16, 147, 86, 143, 57, 54, 139, 147, 72, 8, 116, 131, 83, 144, 18, 113]",303811.824,"[342, 1489, 949, 2315, 1264, 3687, 5238, 667, 5008, 766, 1128, 513, 1457, 916, 3971, 1893, 4240, 183, 2336, 1138, 572, 706, 510, 1367, 1145, 4589, 2375, 661, 1966, 3663, 362, 2588, 1083, 1541, 961, 1145, 583, 777, 1328, 3065, 369, 3211, 2248, 326, 961, 1462, 4124, 2517, 644, 300, 1137, 763, 108, 26, 1552, 235, 7533, 253, 946, 2183, 9126, 195, 1432, 15689, 1109, 852, 196, 1189, 288, 1042, 829, 2623, 405, 1137, 4491, 2013, 2511, 1160, 658, 471, 1171, 5460, 18160, 1347, 202, 550, 4040, 4136, 1910, 1117, 3080, 382, 183, 1965, 1308, 382, 3288, 414, 2372, 471, 3672, 3792, 1712, 955, 755, 2105, 1620, 1981, 934, 3085, 1537, 517, 1938, 932, 1739, 3247, 3743, 304, 252, 3609, 3238, 312, 649, 1137, 367, 2042, 863, 2642, 242, 1428, 2771, 636, 3772, 2176, 2230, 2990, 2829, 843, 1766, 1238, 2064, 538, 4067, 3324, 885, 1042, 3688, 3554, 1951, 2942, 3590, 2803, 1537, 2181, 565, 3667, 3285, 2066, 899, 2579, 2620, 3541, 2138, 8695, 1681, 1151, 2317, 525, 3076, 2764, 3351, 4418, 3511, 656, 2200, 954, 2850, 2732, 3231, 4143, 674, 2557, 601, 9637, 1433, 574, 1876, 4385, 179, 864, 411, 1174, 2005, 2233, 2248, 5535, 470, 1978, 2904, 3584, 1672, 794, 669, 3518, 3250, 6877, 2904, 1605, 2784, 1925, 909, 849, 785, 3484, 2023, 2037, 1955, 6817, 350, 1915, 3825, 1333, 748, 2035, 1483, 1273, 383, 3249, 3679, 1437, 1092, 387, 1282, 6059, 2993, 740, 2023, 1133, 874, 9115, 335, 1235, 1379, 2962, 4853, 798, 4659, 350]"
1,"[149, 18, 47, 19, 118, 102, 95, 87, 154, 117, 2, 76, 18, 60, 42, 114, 115, 67, 152, 35, 63, 2, 151, 33, 98, 80, 125, 45, 50, 15, 137, 18, 6, 40, 143, 77, 20, 3, 4, 27, 85, 84, 13, 132, 37, 75, 1, 45, 122, 89, 7, 110, 144, 160, 162, 73, 133, 49, 119, 25, 80, 29, 66, 147, 138, 69, 155, 24, 159, 36, 64, 163, 88, 111, 39, 2, 158, 9, 21, 104, 84, 94, 147, 4, 87, 128, 84, 127, 161, 131, 93, 97, 103, 32, 83, 82, 129, 65, 124, 155, 31, 38, 68, 64, 55, 106, 105, 3, 10, 40, 11, 19, 51, 135, 124, 153, 5, 15, 56, 152, 123, 85, 41, 1, 4, 25, 164, 43, 58, 72, 99, 100, 157, 156, 33, 26, 69, 44, 33, 159, 32, 16, 81, 1, 57, 121, 17, 9, 101, 24, 156, 90, 4, 53, 15, 8, 139, 2, 136, 61, 64, 16, 108, 133, 71, 61, 122, 19, 14, 9, 91, 37, 146, 83, 88, 92, 109, 150, 57, 48, 38, 59, 62, 80, 70, 30, 113, 35, 34, 3, 122, 5, 34, 54, 134, 81, 44, 126, 161, 36, 74, 145, 140, 79, 46, 148, 78, 60, 107, 88, 28, 3, 1, 130, 1, 120, 62, 80, 80, 23, 2, 141, 142, 65, 131, 160, 3, 18, 165, 4, 5, 96, 8, 147, 86, 67, 7, 112, 52, 147, 129, 8, 116, 22, 83, 7, 18, 12]",310680.84000000014,"[2953, 2791, 3704, 2566, 953, 1829, 5543, 1353, 5055, 195, 448, 1428, 3015, 850, 3947, 576, 611, 481, 20, 150, 478, 382, 2558, 636, 3125, 5820, 2397, 1717, 2021, 1464, 2087, 1096, 1426, 1709, 750, 1162, 422, 728, 3639, 3161, 483, 4451, 2310, 2774, 1005, 1457, 172, 1633, 257, 1539, 226, 1201, 780, 570, 3191, 1460, 6785, 2772, 1215, 2707, 10859, 2340, 1148, 17610, 1098, 327, 937, 1101, 1080, 1093, 739, 2600, 680, 1145, 4495, 406, 3191, 897, 577, 1288, 1712, 5668, 21718, 1798, 2666, 3091, 3925, 2317, 2225, 70, 3083, 4165, 1516, 1695, 5330, 3967, 2317, 914, 262, 2620, 194, 2850, 536, 4724, 574, 1265, 1692, 690, 870, 2982, 383, 2650, 1978, 933, 942, 672, 825, 7496, 578, 204, 1206, 3417, 3763, 358, 1002, 1758, 649, 1839, 253, 328, 2778, 2728, 3811, 2292, 3745, 2978, 1116, 959, 2693, 2806, 1692, 549, 11579, 419, 310, 1043, 3705, 947, 1942, 3143, 3394, 1981, 1380, 3597, 2159, 549, 823, 493, 893, 1255, 1802, 4141, 2104, 8992, 381, 1874, 904, 3142, 1951, 410, 1157, 4294, 214, 4245, 1413, 941, 2726, 2729, 2601, 4128, 9483, 1170, 2454, 9895, 1408, 950, 359, 4369, 2647, 941, 932, 427, 2653, 1019, 2242, 3322, 2479, 1963, 2591, 3543, 1646, 800, 687, 3496, 2052, 6882, 601, 1740, 430, 1925, 907, 400, 449, 3487, 763, 1687, 944, 5027, 6712, 2786, 906, 1012, 735, 2080, 3654, 2534, 812, 3344, 381, 2133, 1071, 4231, 396, 5827, 2997, 2564, 543, 1126, 1736, 8277, 1508, 1185, 1335, 667, 4783, 1286, 4745, 882]"
2,"[88, 110, 5, 32, 60, 38, 95, 3, 154, 85, 8, 136, 103, 118, 42, 102, 96, 44, 93, 9, 113, 5, 105, 1, 40, 80, 131, 18, 50, 83, 7, 18, 143, 21, 1, 77, 152, 128, 156, 27, 142, 84, 57, 15, 139, 126, 97, 45, 107, 19, 106, 1, 16, 36, 3, 12, 133, 129, 92, 25, 80, 22, 104, 147, 165, 88, 80, 24, 28, 20, 18, 152, 159, 111, 39, 15, 44, 9, 8, 161, 84, 94, 147, 59, 4, 33, 84, 81, 161, 4, 164, 115, 64, 132, 141, 114, 98, 4, 1, 135, 158, 38, 10, 31, 56, 69, 134, 7, 150, 61, 5, 4, 51, 16, 63, 85, 47, 33, 65, 34, 67, 3, 1, 122, 123, 45, 144, 23, 66, 6, 122, 108, 157, 117, 72, 26, 156, 40, 11, 37, 19, 3, 41, 87, 159, 121, 17, 155, 101, 62, 91, 145, 25, 86, 53, 83, 109, 58, 119, 151, 64, 33, 89, 133, 35, 60, 30, 65, 137, 100, 19, 37, 32, 71, 2, 127, 146, 138, 13, 48, 149, 160, 69, 80, 8, 49, 116, 35, 163, 74, 7, 155, 124, 99, 2, 81, 75, 120, 67, 36, 61, 2, 15, 79, 78, 148, 122, 73, 140, 88, 54, 29, 3, 130, 90, 4, 62, 80, 160, 43, 24, 55, 124, 70, 76, 125, 18, 153, 82, 87, 68, 129, 2, 147, 46, 162, 57, 34, 2, 147, 14, 112, 64, 131, 83, 9, 18, 52]",292645.7119999998,"[947, 1383, 411, 903, 704, 3301, 5186, 533, 5008, 1028, 432, 902, 1475, 955, 3970, 1942, 4244, 879, 3028, 58, 346, 414, 1491, 263, 1654, 3909, 568, 1873, 1972, 3404, 447, 2372, 707, 588, 349, 1144, 82, 3081, 4632, 3248, 680, 2554, 800, 729, 797, 1961, 4122, 463, 373, 636, 1117, 144, 490, 703, 222, 884, 7700, 660, 913, 1711, 7513, 596, 1413, 12829, 382, 570, 2641, 951, 906, 385, 1493, 124, 844, 1053, 4489, 1917, 2744, 970, 241, 1066, 1484, 5232, 16643, 1113, 1374, 662, 4271, 4543, 3569, 1001, 669, 446, 1500, 2831, 919, 586, 3329, 1291, 528, 912, 3597, 4503, 907, 192, 637, 204, 2264, 653, 2723, 1195, 1375, 1548, 1945, 3918, 524, 2882, 3812, 2578, 974, 2714, 2117, 345, 849, 229, 1146, 2568, 800, 2655, 716, 1424, 329, 2135, 3806, 196, 360, 2985, 3038, 3153, 435, 1379, 1955, 574, 4081, 1126, 3185, 1042, 3723, 3524, 1924, 794, 1133, 800, 2498, 2979, 3661, 3405, 2629, 255, 1632, 2572, 1538, 4555, 1575, 8510, 1492, 1480, 951, 1954, 2099, 2730, 4765, 4224, 2485, 353, 673, 2330, 230, 1196, 2579, 4142, 2955, 2362, 1339, 9467, 1492, 2738, 1119, 4330, 3000, 1761, 955, 1184, 213, 2749, 184, 5232, 1484, 1330, 1115, 3892, 1887, 267, 4063, 3538, 545, 7151, 1595, 1597, 723, 2437, 1120, 2352, 1285, 3495, 2061, 3321, 2116, 7869, 1609, 1946, 4235, 616, 988, 1402, 1485, 2400, 3994, 674, 3830, 2939, 518, 2909, 410, 6560, 2227, 3564, 1862, 3066, 967, 10663, 2009, 1398, 2923, 3168, 5870, 978, 3489, 1574]"
3,"[113, 3, 29, 8, 115, 146, 80, 107, 135, 96, 111, 85, 103, 80, 56, 69, 2, 17, 34, 130, 89, 12, 72, 3, 131, 5, 137, 22, 2, 69, 78, 18, 8, 110, 35, 161, 48, 155, 18, 21, 149, 136, 147, 1, 23, 1, 91, 127, 124, 27, 88, 66, 98, 61, 152, 84, 162, 163, 134, 86, 142, 138, 32, 95, 97, 118, 67, 37, 140, 6, 73, 148, 126, 1, 121, 87, 30, 159, 36, 128, 122, 155, 83, 85, 65, 82, 157, 59, 4, 58, 64, 101, 7, 151, 125, 106, 133, 44, 68, 38, 87, 117, 156, 147, 123, 75, 33, 81, 80, 31, 161, 3, 7, 153, 13, 92, 45, 160, 3, 102, 36, 54, 15, 26, 5, 46, 119, 19, 2, 109, 62, 133, 24, 38, 2, 60, 10, 88, 16, 129, 25, 156, 34, 71, 19, 79, 18, 84, 14, 141, 99, 51, 55, 122, 81, 1, 143, 16, 15, 165, 18, 4, 64, 116, 64, 35, 164, 145, 44, 25, 57, 40, 74, 50, 67, 114, 11, 122, 33, 28, 4, 42, 8, 47, 124, 2, 20, 9, 150, 144, 129, 83, 9, 63, 80, 120, 147, 77, 57, 5, 108, 39, 152, 88, 70, 37, 33, 132, 4, 104, 112, 154, 40, 61, 24, 80, 76, 62, 100, 93, 94, 90, 43, 7, 1, 4, 19, 52, 32, 159, 139, 45, 65, 60, 84, 105, 15, 41, 18, 158, 131, 49, 160, 9, 83, 147, 53, 3]",290918.69900000014,"[364, 393, 2352, 200, 408, 216, 3834, 401, 924, 4233, 1215, 1103, 1455, 5923, 649, 837, 433, 3546, 674, 3462, 1542, 923, 326, 478, 689, 624, 2046, 599, 243, 628, 563, 923, 163, 1483, 1401, 1885, 4018, 1162, 3796, 595, 2947, 896, 9285, 15, 2632, 11, 1131, 2295, 134, 2959, 537, 688, 2908, 568, 41, 1499, 3912, 2901, 2249, 3014, 814, 1136, 1534, 9460, 4174, 953, 835, 616, 694, 1428, 1485, 5036, 1977, 19, 1042, 798, 958, 3757, 999, 3061, 411, 3295, 13404, 2808, 981, 3566, 3757, 1128, 1011, 250, 1203, 1974, 316, 2573, 2389, 1292, 12769, 1189, 521, 3209, 3446, 194, 4654, 22842, 1155, 1514, 481, 4334, 5211, 182, 3014, 630, 203, 669, 2203, 960, 1404, 3076, 629, 2123, 4852, 1055, 993, 2983, 379, 2125, 1310, 1287, 202, 2445, 500, 2545, 1000, 4614, 1424, 496, 872, 870, 2669, 1013, 1350, 2201, 5065, 349, 2723, 3347, 4010, 7365, 1927, 849, 2759, 1872, 569, 525, 5463, 12, 695, 1935, 2000, 380, 3201, 5749, 1246, 1834, 4497, 2798, 665, 779, 2420, 2764, 1147, 970, 1654, 1964, 2235, 521, 380, 1209, 4241, 915, 2837, 4109, 1816, 3703, 1054, 490, 406, 1744, 2726, 957, 2499, 1587, 34, 489, 2393, 1034, 2491, 1115, 1401, 1006, 2055, 4483, 167, 2948, 1350, 5388, 1472, 2905, 2109, 1313, 1203, 5140, 3718, 2620, 3741, 9843, 1471, 2368, 2883, 3141, 5199, 2273, 1961, 1531, 2115, 1433, 3565, 1781, 2042, 2578, 886, 2447, 2212, 1712, 4114, 1719, 4386, 3868, 5647, 3324, 3097, 3085, 2135, 185, 5976, 8568, 3837, 1143]"
4,"[8, 21, 47, 25, 89, 102, 95, 4, 154, 131, 57, 88, 151, 149, 42, 7, 55, 3, 99, 78, 98, 72, 160, 19, 63, 80, 125, 56, 67, 15, 107, 127, 6, 138, 32, 85, 71, 76, 4, 69, 111, 84, 79, 1, 37, 75, 4, 45, 129, 137, 18, 110, 20, 87, 69, 5, 133, 49, 28, 33, 80, 108, 3, 147, 2, 1, 32, 3, 60, 36, 1, 163, 5, 159, 39, 121, 90, 24, 43, 104, 84, 94, 147, 11, 86, 128, 84, 18, 161, 62, 106, 97, 153, 109, 83, 82, 122, 8, 66, 51, 57, 38, 92, 64, 145, 93, 105, 124, 164, 44, 7, 33, 155, 114, 74, 30, 15, 15, 2, 155, 123, 144, 41, 162, 13, 25, 77, 1, 146, 40, 152, 100, 157, 1, 33, 5, 16, 140, 58, 85, 152, 45, 81, 122, 2, 139, 31, 9, 64, 156, 156, 158, 115, 53, 88, 117, 22, 142, 91, 61, 101, 16, 29, 133, 8, 61, 54, 19, 12, 129, 136, 37, 19, 83, 3, 68, 143, 150, 3, 48, 38, 59, 62, 80, 70, 122, 24, 35, 34, 60, 35, 67, 34, 40, 17, 165, 44, 126, 161, 36, 134, 119, 10, 160, 81, 148, 132, 9, 118, 88, 18, 124, 14, 130, 113, 120, 159, 80, 80, 23, 103, 141, 27, 65, 131, 2, 73, 26, 46, 4, 18, 96, 2, 147, 87, 50, 135, 112, 52, 147, 9, 65, 116, 7, 83, 64, 18, 4]",305216.24600000004,"[477, 591, 3711, 1889, 1607, 1838, 5552, 1356, 5071, 87, 682, 1353, 2574, 2954, 3993, 553, 590, 284, 2748, 549, 2866, 332, 387, 2987, 604, 5662, 2389, 660, 1264, 1697, 426, 2322, 1429, 1154, 1541, 1738, 356, 1450, 4203, 400, 993, 3696, 3441, 107, 602, 1447, 369, 406, 300, 1982, 762, 1102, 378, 397, 1011, 272, 6713, 2853, 905, 1137, 9238, 2089, 829, 15500, 285, 252, 1815, 189, 367, 939, 216, 2597, 431, 952, 4495, 1042, 2016, 3893, 1850, 1293, 1869, 5446, 19308, 385, 2994, 3062, 3733, 2992, 1866, 577, 1224, 4151, 670, 2736, 4973, 3905, 1515, 324, 793, 1871, 2103, 2926, 1024, 4314, 834, 3107, 1643, 369, 693, 1359, 319, 667, 1113, 535, 1690, 955, 1919, 8377, 231, 3439, 1184, 838, 3762, 3379, 2176, 2301, 1121, 348, 204, 1196, 65, 2738, 3788, 1215, 4339, 1303, 597, 679, 263, 2168, 144, 2577, 11084, 391, 484, 810, 189, 964, 1030, 1998, 3558, 3066, 373, 3585, 857, 194, 588, 703, 1152, 1102, 1962, 4103, 2343, 8989, 1491, 2054, 1105, 2129, 907, 3229, 914, 4608, 3572, 4796, 416, 527, 727, 2723, 2974, 4147, 9818, 1189, 2740, 9573, 1433, 424, 3470, 4361, 2845, 2048, 330, 1805, 2524, 3349, 3535, 381, 2319, 1963, 2897, 3713, 2249, 1584, 871, 3330, 3193, 6990, 2832, 300, 953, 1959, 2022, 822, 1944, 3496, 353, 1838, 3187, 5702, 7442, 2837, 1543, 1027, 3588, 1513, 3663, 722, 1456, 2985, 2269, 1849, 2722, 4235, 703, 6409, 3564, 2003, 936, 1210, 1729, 9288, 868, 1991, 1408, 1184, 5095, 1926, 5241, 2095]"
5,"[101, 110, 92, 56, 64, 38, 95, 8, 154, 104, 33, 141, 54, 149, 42, 102, 96, 43, 33, 105, 32, 160, 86, 108, 145, 80, 124, 64, 50, 83, 25, 18, 156, 40, 151, 55, 124, 3, 91, 27, 23, 84, 123, 58, 140, 5, 97, 13, 116, 152, 72, 24, 129, 31, 52, 19, 133, 10, 88, 155, 80, 160, 138, 147, 71, 117, 22, 45, 5, 57, 136, 163, 16, 30, 39, 15, 44, 161, 126, 122, 64, 94, 147, 66, 122, 62, 84, 81, 7, 139, 93, 89, 153, 159, 87, 1, 98, 11, 159, 29, 158, 38, 3, 143, 8, 67, 80, 77, 28, 40, 120, 33, 114, 1, 119, 85, 47, 99, 9, 34, 61, 25, 69, 90, 4, 3, 57, 45, 2, 6, 146, 165, 157, 65, 14, 26, 88, 164, 5, 7, 32, 103, 41, 87, 2, 88, 17, 155, 2, 35, 156, 132, 107, 150, 20, 83, 15, 19, 131, 67, 152, 16, 21, 133, 3, 18, 127, 4, 129, 100, 19, 37, 162, 36, 4, 142, 109, 122, 128, 48, 51, 131, 9, 80, 34, 59, 1, 35, 74, 60, 111, 1, 70, 60, 134, 81, 8, 144, 161, 36, 61, 84, 125, 79, 53, 148, 78, 73, 85, 121, 112, 12, 118, 130, 115, 4, 62, 80, 113, 68, 24, 7, 2, 46, 76, 18, 75, 18, 82, 4, 65, 15, 2, 147, 44, 1, 135, 137, 9, 147, 69, 3, 49, 37, 83, 63, 18, 106]",285639.288,"[1964, 1422, 939, 619, 1598, 3591, 5334, 560, 5030, 1308, 1546, 887, 1154, 2949, 3996, 1945, 4246, 1815, 677, 1550, 723, 1264, 2958, 2241, 918, 4437, 344, 867, 1951, 3798, 1690, 2788, 2276, 1719, 2572, 580, 858, 799, 1340, 3608, 2627, 3278, 1162, 253, 673, 144, 4127, 2124, 768, 30, 331, 726, 488, 183, 1569, 1154, 8125, 877, 804, 1300, 8916, 1922, 1241, 14802, 342, 195, 595, 1001, 370, 640, 876, 2608, 245, 951, 4512, 1933, 1212, 5192, 1973, 432, 2307, 5364, 16704, 751, 384, 784, 2275, 3799, 275, 845, 3063, 1608, 664, 1745, 1415, 92, 3300, 387, 2898, 2351, 3659, 5375, 1063, 879, 492, 808, 3631, 1126, 911, 2900, 1458, 2497, 520, 31, 1723, 1156, 3693, 3241, 100, 2927, 2496, 2385, 183, 1982, 903, 282, 1912, 2179, 159, 1425, 206, 382, 3756, 865, 2246, 2988, 1317, 676, 1807, 306, 2561, 1443, 4023, 2615, 498, 1953, 3683, 3639, 404, 314, 3389, 2791, 402, 2717, 391, 3093, 1928, 2144, 359, 2249, 175, 4450, 563, 8022, 1325, 2607, 2306, 1293, 3029, 2752, 4170, 1878, 3449, 2436, 2108, 740, 2814, 1366, 3209, 4206, 2285, 3374, 1321, 10062, 2985, 1119, 1538, 4404, 1703, 1344, 1121, 50, 1364, 985, 2236, 5747, 1010, 798, 1899, 2447, 1340, 3737, 2389, 3556, 3241, 7324, 582, 1574, 2756, 1044, 1137, 909, 953, 3487, 471, 2272, 1981, 6985, 360, 525, 4053, 1476, 824, 2377, 1490, 2808, 1470, 1198, 3721, 1628, 2085, 3416, 520, 5977, 2606, 484, 941, 2093, 566, 9713, 1272, 1259, 3039, 4588, 5333, 511, 5077, 1171]"
6,"[149, 56, 47, 19, 138, 102, 95, 7, 154, 132, 8, 51, 18, 88, 42, 33, 122, 85, 2, 106, 25, 49, 151, 141, 98, 80, 62, 139, 50, 35, 137, 60, 155, 87, 16, 3, 108, 91, 4, 27, 28, 84, 3, 117, 164, 1, 31, 4, 61, 89, 87, 5, 54, 150, 162, 73, 133, 37, 161, 25, 80, 165, 9, 147, 69, 5, 159, 34, 124, 77, 113, 122, 136, 155, 39, 131, 158, 24, 145, 57, 10, 94, 147, 65, 143, 128, 84, 32, 2, 67, 93, 97, 67, 111, 83, 82, 152, 61, 6, 153, 9, 92, 125, 64, 34, 58, 45, 33, 104, 40, 88, 18, 118, 8, 78, 55, 64, 15, 105, 44, 1, 85, 41, 1, 45, 123, 124, 43, 116, 86, 99, 100, 157, 2, 33, 26, 121, 40, 64, 23, 72, 38, 81, 3, 144, 103, 17, 29, 19, 24, 156, 90, 126, 53, 1, 32, 69, 71, 7, 15, 5, 16, 20, 133, 161, 21, 44, 19, 14, 112, 159, 37, 120, 83, 88, 109, 76, 160, 57, 48, 38, 127, 62, 80, 70, 11, 107, 35, 9, 13, 122, 60, 140, 74, 134, 81, 75, 4, 156, 36, 84, 4, 63, 79, 46, 148, 8, 65, 2, 68, 110, 129, 1, 130, 152, 59, 30, 80, 80, 36, 3, 163, 18, 3, 131, 160, 114, 18, 15, 4, 146, 96, 119, 147, 135, 142, 22, 115, 52, 147, 129, 2, 66, 12, 83, 7, 18, 101]",311202.0529999997,"[2946, 647, 3681, 2568, 1147, 1834, 5569, 456, 5042, 2820, 588, 2014, 3392, 1351, 3971, 1045, 894, 724, 205, 1131, 454, 2960, 2560, 926, 3153, 5458, 684, 848, 2024, 449, 2087, 961, 1828, 1923, 567, 653, 2318, 1189, 4132, 3301, 905, 4571, 1069, 196, 624, 116, 183, 635, 511, 1537, 2070, 249, 982, 2725, 3256, 1464, 7269, 1405, 677, 3879, 10419, 382, 564, 15564, 219, 343, 750, 1005, 189, 1120, 356, 360, 885, 1937, 4500, 92, 3203, 5246, 784, 183, 864, 5577, 20099, 1166, 722, 3046, 2355, 1055, 354, 1004, 3062, 4151, 2068, 1359, 5028, 3940, 157, 2374, 1427, 654, 836, 925, 2433, 3765, 4140, 258, 1311, 695, 1260, 1623, 872, 2413, 954, 495, 590, 574, 1745, 7014, 1627, 3064, 748, 3182, 3768, 128, 2130, 1142, 980, 1858, 1019, 2991, 2788, 2760, 3876, 551, 4619, 2981, 1043, 2905, 3986, 2672, 331, 2242, 11204, 518, 832, 1379, 3704, 2390, 2083, 2073, 1929, 1986, 1964, 3603, 486, 2261, 1207, 353, 621, 2149, 1415, 4177, 386, 8665, 5977, 576, 1493, 3326, 1939, 1088, 3156, 4227, 1705, 4850, 1975, 2818, 1428, 1651, 2733, 4101, 9351, 2342, 2733, 9663, 1421, 363, 429, 4351, 738, 2269, 907, 1154, 684, 1641, 2230, 3039, 1470, 868, 3398, 1068, 2885, 1039, 494, 3466, 2038, 6878, 1077, 2590, 418, 522, 1449, 942, 733, 3484, 82, 1118, 955, 4875, 6524, 3872, 752, 3416, 2454, 1064, 3660, 1849, 487, 2830, 2273, 2532, 223, 4237, 1647, 5429, 924, 723, 619, 466, 1736, 8274, 2658, 942, 933, 943, 4478, 980, 3315, 1874]"
7,"[9, 2, 123, 155, 63, 38, 95, 29, 154, 122, 57, 59, 1, 45, 42, 143, 96, 9, 93, 25, 142, 90, 105, 107, 40, 80, 129, 126, 50, 83, 6, 18, 152, 33, 68, 56, 49, 128, 156, 27, 118, 84, 8, 141, 19, 150, 97, 144, 7, 88, 71, 125, 20, 65, 92, 122, 133, 140, 86, 85, 80, 16, 18, 147, 75, 44, 114, 32, 91, 161, 135, 32, 3, 160, 39, 136, 44, 14, 116, 88, 84, 94, 147, 5, 4, 3, 84, 81, 161, 1, 22, 99, 138, 61, 7, 153, 98, 12, 4, 132, 158, 38, 152, 10, 115, 159, 134, 72, 104, 88, 80, 4, 51, 16, 2, 62, 47, 21, 37, 34, 124, 109, 103, 101, 164, 87, 5, 23, 127, 146, 77, 108, 157, 120, 117, 26, 119, 40, 7, 36, 30, 58, 41, 67, 159, 121, 17, 155, 11, 25, 64, 2, 149, 3, 53, 83, 9, 1, 46, 57, 52, 33, 89, 133, 35, 137, 15, 65, 45, 24, 19, 37, 100, 31, 2, 60, 15, 64, 13, 48, 139, 8, 69, 80, 102, 85, 151, 35, 163, 74, 124, 1, 55, 1, 110, 81, 165, 3, 122, 36, 61, 66, 15, 79, 5, 148, 64, 73, 129, 18, 2, 3, 106, 130, 113, 4, 62, 80, 160, 43, 24, 60, 67, 70, 76, 4, 18, 19, 82, 87, 69, 131, 111, 147, 156, 162, 8, 34, 145, 147, 33, 112, 54, 131, 83, 78, 18, 28]",297258.8939999998,"[556, 396, 1144, 1016, 507, 3918, 5402, 2356, 5050, 764, 936, 1133, 479, 1684, 4001, 775, 4241, 247, 3031, 574, 678, 2037, 1495, 423, 2114, 5018, 1068, 1986, 1998, 4096, 1426, 2562, 53, 585, 525, 657, 2927, 3087, 4379, 3385, 952, 3385, 258, 843, 1081, 2717, 4124, 785, 118, 479, 346, 2375, 386, 643, 904, 333, 8045, 720, 2965, 1773, 9795, 992, 4151, 16565, 1503, 1068, 509, 1215, 1141, 1346, 923, 2098, 510, 797, 4511, 901, 2695, 2228, 1001, 976, 2088, 5443, 18305, 700, 1193, 583, 3710, 4397, 3333, 432, 611, 2810, 1132, 1433, 531, 685, 3315, 903, 1790, 2794, 3735, 4915, 174, 939, 419, 1590, 2273, 332, 1254, 2348, 4306, 1400, 1924, 3449, 518, 1165, 3745, 717, 2162, 2916, 894, 2535, 1414, 1897, 641, 821, 406, 2644, 2301, 211, 1125, 2164, 3839, 1827, 196, 2990, 1846, 2812, 1408, 1410, 957, 250, 4010, 1404, 2776, 1043, 3719, 3775, 365, 3365, 1115, 353, 2941, 539, 3614, 3330, 961, 514, 2172, 1688, 1668, 3923, 1589, 8142, 1282, 2055, 1632, 2006, 1815, 1245, 2092, 3433, 2718, 182, 504, 632, 2417, 1709, 2526, 4175, 959, 1296, 1123, 9665, 1953, 2139, 2582, 4328, 2999, 1767, 348, 175, 556, 551, 1250, 4978, 382, 397, 1032, 3268, 1733, 720, 2905, 3490, 911, 7064, 2426, 1578, 2513, 2599, 738, 1017, 1229, 3498, 360, 2176, 1817, 7106, 2531, 1947, 3799, 2047, 1710, 1415, 1474, 2087, 3792, 4511, 3754, 3147, 418, 656, 1280, 5948, 3244, 3412, 650, 2873, 847, 9755, 1802, 1390, 1274, 3081, 5032, 574, 1774, 906]"
8,"[119, 1, 101, 3, 147, 31, 80, 2, 45, 96, 7, 145, 103, 80, 75, 143, 144, 17, 126, 130, 89, 56, 3, 116, 156, 32, 58, 85, 125, 1, 159, 45, 118, 110, 67, 149, 48, 51, 18, 15, 71, 141, 147, 105, 35, 152, 140, 124, 5, 27, 1, 129, 98, 8, 77, 84, 162, 16, 85, 86, 30, 9, 32, 95, 97, 124, 2, 123, 122, 6, 73, 148, 4, 64, 22, 54, 165, 159, 5, 128, 164, 155, 83, 121, 139, 82, 157, 11, 129, 10, 34, 91, 107, 151, 111, 57, 133, 14, 122, 38, 87, 25, 156, 147, 4, 12, 88, 81, 80, 59, 161, 63, 87, 142, 13, 113, 68, 136, 16, 102, 36, 25, 88, 92, 1, 46, 57, 64, 2, 109, 8, 133, 40, 38, 61, 44, 122, 88, 67, 19, 117, 146, 34, 155, 19, 79, 18, 84, 20, 62, 35, 106, 90, 153, 81, 55, 78, 152, 3, 108, 18, 4, 120, 72, 64, 23, 65, 3, 60, 7, 26, 5, 74, 50, 99, 61, 8, 135, 33, 36, 4, 42, 62, 47, 2, 104, 44, 138, 150, 127, 66, 65, 160, 100, 80, 115, 33, 7, 161, 3, 24, 39, 160, 9, 132, 37, 33, 163, 4, 70, 1, 154, 40, 114, 24, 80, 76, 9, 28, 93, 94, 69, 43, 112, 134, 2, 19, 52, 21, 69, 83, 18, 137, 60, 84, 37, 15, 41, 18, 158, 131, 49, 131, 29, 83, 147, 53, 15]",288140.81600000017,"[1590, 175, 1945, 559, 5148, 184, 4215, 459, 2965, 4232, 649, 804, 1486, 7453, 1542, 767, 974, 3556, 1973, 3451, 1538, 573, 207, 1066, 2180, 709, 258, 1374, 2384, 252, 1018, 457, 953, 1496, 696, 2952, 4135, 2045, 5163, 1879, 339, 895, 8044, 1523, 603, 21, 669, 219, 247, 2834, 157, 483, 2897, 289, 1128, 1415, 4096, 1361, 2525, 3006, 968, 229, 2820, 8988, 4161, 945, 303, 1150, 515, 1425, 1482, 4849, 894, 1273, 611, 1108, 382, 5079, 631, 3061, 642, 2554, 12161, 1042, 850, 3508, 3778, 377, 3013, 870, 1216, 1168, 419, 2576, 1480, 1203, 13507, 1938, 635, 3027, 2786, 1409, 5381, 20941, 1086, 914, 1216, 4410, 5167, 1124, 2046, 514, 1437, 724, 2227, 362, 521, 1062, 3066, 2051, 2040, 2665, 733, 924, 238, 2116, 1405, 835, 280, 2503, 415, 2604, 866, 4725, 3033, 905, 1020, 1954, 2483, 1968, 196, 209, 4545, 1925, 2671, 3335, 3589, 7048, 401, 474, 3238, 1185, 2003, 667, 5631, 570, 569, 176, 774, 2142, 3356, 6245, 1542, 342, 4344, 2678, 1831, 547, 573, 602, 2981, 1200, 1661, 2009, 2822, 1137, 1370, 942, 4523, 3868, 2477, 4160, 2873, 3720, 740, 1248, 3074, 1275, 2726, 2351, 678, 872, 676, 2659, 2576, 323, 262, 803, 2561, 686, 1019, 4489, 2232, 898, 2781, 5389, 1314, 3294, 1878, 1387, 1336, 5083, 3811, 549, 3618, 9084, 1430, 795, 912, 3148, 5268, 1202, 1998, 1451, 2337, 730, 3227, 1760, 593, 425, 4435, 1429, 2080, 1630, 3921, 887, 2789, 3853, 5067, 3340, 763, 3059, 3009, 2371, 5929, 8458, 3774, 3271]"
9,"[123, 160, 47, 31, 69, 102, 95, 25, 154, 165, 67, 129, 124, 149, 42, 104, 146, 138, 63, 18, 8, 62, 134, 88, 2, 80, 164, 9, 18, 113, 67, 127, 107, 132, 110, 111, 14, 61, 4, 33, 131, 84, 79, 10, 23, 75, 122, 68, 161, 5, 6, 5, 105, 163, 139, 50, 133, 49, 40, 4, 80, 119, 137, 147, 34, 158, 78, 45, 9, 43, 71, 155, 3, 152, 39, 1, 90, 24, 29, 60, 84, 94, 147, 4, 86, 128, 84, 18, 161, 74, 32, 97, 121, 109, 83, 82, 135, 2, 141, 144, 13, 30, 61, 64, 21, 93, 20, 151, 152, 44, 57, 126, 117, 51, 15, 122, 89, 15, 9, 155, 56, 140, 41, 162, 87, 142, 64, 52, 99, 2, 115, 66, 157, 45, 33, 112, 136, 1, 156, 22, 125, 2, 81, 7, 8, 72, 1, 16, 54, 3, 156, 1, 92, 53, 73, 55, 85, 4, 65, 59, 2, 16, 36, 133, 77, 114, 85, 19, 159, 129, 25, 37, 19, 83, 106, 7, 150, 19, 3, 48, 38, 37, 62, 80, 60, 103, 24, 35, 5, 35, 70, 124, 28, 40, 17, 118, 44, 33, 12, 36, 7, 46, 11, 160, 81, 148, 122, 3, 8, 1, 65, 57, 38, 130, 15, 120, 159, 80, 80, 101, 98, 69, 27, 143, 131, 58, 88, 145, 108, 4, 32, 96, 91, 147, 87, 3, 116, 88, 153, 147, 26, 18, 34, 76, 83, 64, 18, 100]",316541.5330000002,"[1149, 1197, 3696, 188, 300, 1849, 5557, 1709, 5068, 383, 1708, 1363, 501, 2953, 3982, 1386, 226, 1073, 479, 480, 91, 871, 2221, 1170, 897, 5448, 692, 637, 2616, 355, 1405, 2318, 442, 2828, 1563, 1381, 1988, 1265, 4184, 399, 24, 3727, 3437, 858, 2599, 1452, 134, 513, 716, 144, 1427, 191, 1520, 2579, 829, 1891, 7558, 2694, 462, 2026, 10428, 1221, 2258, 17873, 936, 3082, 560, 833, 358, 1821, 343, 697, 216, 44, 4500, 356, 2026, 4215, 2349, 361, 1088, 5725, 21384, 1815, 3000, 3067, 4368, 2920, 3817, 1685, 1180, 4168, 1045, 2842, 5438, 4048, 1035, 366, 873, 776, 2402, 954, 2668, 4652, 599, 3092, 423, 2577, 164, 1719, 878, 1991, 196, 1997, 1670, 780, 1643, 7720, 763, 3760, 1099, 689, 3747, 3248, 672, 706, 747, 1600, 2756, 266, 376, 715, 3718, 2504, 4166, 1032, 882, 164, 5038, 591, 2372, 254, 10929, 422, 287, 328, 666, 1368, 1035, 220, 1941, 279, 921, 3429, 1455, 566, 1006, 1164, 745, 1108, 807, 3552, 1020, 8845, 1240, 512, 2897, 2008, 1362, 2223, 2488, 1047, 963, 3402, 1220, 1159, 2725, 5025, 2718, 4096, 8467, 5098, 2576, 9029, 1954, 1376, 3305, 4346, 1680, 926, 1375, 687, 907, 3969, 3543, 954, 1974, 1199, 894, 3599, 475, 2150, 385, 2921, 2958, 6882, 1251, 915, 1650, 732, 2135, 1748, 4545, 3501, 2775, 1805, 3064, 5738, 7697, 2025, 3028, 1345, 3464, 763, 3680, 254, 1354, 837, 2330, 2392, 2272, 4240, 1186, 6462, 3320, 770, 1188, 1584, 671, 9542, 2986, 3600, 4500, 1485, 5006, 1930, 4750, 2680]"
